<?xml version="1.0" encoding="UTF-8"?>
<project-private xmlns="http://www.netbeans.org/ns/project-private/1">
    <editor-bookmarks xmlns="http://www.netbeans.org/ns/editor-bookmarks/2" lastBookmarkId="0"/>
    <open-files xmlns="http://www.netbeans.org/ns/projectui-open-files/2">
        <group>
            <file>file:/C:/Users/user/Documents/NetBeansProjects/ATMmachine/assignment-1-simple-atm-MaiHossam4/src/atmmachine/Login.java</file>
            <file>file:/C:/Users/user/Documents/NetBeansProjects/ATMmachine/assignment-1-simple-atm-MaiHossam4/src/atmmachine/Deposite.java</file>
            <file>file:/C:/Users/user/Documents/NetBeansProjects/ATMmachine/assignment-1-simple-atm-MaiHossam4/src/atmmachine/Balance.java</file>
            <file>file:/C:/Users/user/Documents/NetBeansProjects/ATMmachine/assignment-1-simple-atm-MaiHossam4/src/atmmachine/Main.java</file>
            <file>file:/C:/Users/user/Documents/NetBeansProjects/ATMmachine/assignment-1-simple-atm-MaiHossam4/src/atmmachine/Account.java</file>
            <file>file:/C:/Users/user/Documents/NetBeansProjects/ATMmachine/assignment-1-simple-atm-MaiHossam4/src/atmmachine/Withdrawal.java</file>
            <file>file:/C:/Users/user/Documents/NetBeansProjects/ATMmachine/assignment-1-simple-atm-MaiHossam4/src/PublicinterfaceATM.java</file>
        </group>
    </open-files>
</project-private>
